mntiadd,mntiadmin,mntiadminnum,mntidetails,mntihigh,mntilistno,mntiname,mntinfdt,mntisname,mntisummary,mntitop,region
전라남도 해남군 송지면 해원리,해남군청,061-530-5114,( - ),334.8,468200101,가공산,20201201, , , ,전라남도
경기도 가평군 북면 목동리,가평군청,031-580-2114,"경기 제1봉인 화악산(1,468m)에서 동남쪽으로 뻗어 내린 능선 상에 솟아 있는 가덕산은 몽덕산과 북배산의 능선 중간에 자리 잡고 있다. 억새산이라고 할 만큼 가을철에 억새가 볼만하다.
 수백 평의 억새밭인 가덕산 정상에 오르면 서북방향으로 화악산이 보이고, 남쪽으로는 목동평야와 북배산, 계관산 너머로 삼악산으로 이어지는 능선이 한눈에 들어 온다. 동쪽으로는 의암호와 춘천호, 그리고 호반의 도시, 춘천시가 보인다.
 가덕산은 계관산, 북배산, 몽덕산과 더불어 네 개의 산을 연결하여 등산하는 유명한 종주 코스이다. 이 능선에 구축된 등산길은 넓게 길이 잘 뚫려 있고 굴곡이 심하지 않아 겨울철 능선 종주산행지로 적격이다.",857.5,418200101,가덕산,20201201, , , ,경기도
전라남도 담양군 월산면 오성리,담양군청,061-380-3114,( - ),0.0,467100101,가덕산,20201201, , , ,전라남도
강원특별자치도 태백시 원동 ,태백시청,033-552-1360,"높이는 1,078m로 항상 검게 보여 붙여진 이름이다. 검은산 또는 가덕산이라고도 한다. 면산(面山, 1,221m)과 마주한 산이다. 산행은 상사미리 버스정류소에서 원동리 일정골 혹은 평지골을 거쳐 정상에 오르는 코스가 개발되어 있다. 현재 가덕산 고지대 훈련장이 들어서 있는데, 특히 중장거리 육상선수의 전지훈련지로 최적의 장소이다.",1079.8,421900101,가덕산,20201201, , , ,강원특별자치도
경상북도 울릉군 서면 남양리,울릉군청,054-791-2191,( - ),196.9,479400101,가두봉,20201201, , , ,경상북도
강원특별자치도 인제군 상남면 상남리,인제군청,033-461-2122,( - ),1057.7,428100101,가득봉,20201201, , , ,강원특별자치도
경상남도 거제시 남부면 다대리,거제시청,055-639-3000,"제주도 다음으로 큰 섬인 거제도에는 해발 500m가 넘는 산이 7개가 있다. 그중에서도 가라산은 도토리 키재기에서 1등을 차지해 `거제도 제1봉'이란 이름을 얻고 있는 산이다. 그래서인지 높이는 얼마 안 되지만, 산행하기가 쉽지 않다. 
경상남도 남단 거제시의 최고봉으로 주봉은 가래봉이다. 산길에 서면 해안선이 가장 긴 한국 제2의 섬 거제도와 주변의 여러 섬은 물론 북쪽으로 진해시·마산시·고성군, 서쪽으로 통영시를 마주하고, 남·동쪽으로 남해를 굽어볼 수 있다. 부산 영도가 지척이고 갠 날은 쓰시마섬[對馬島]이 가물거릴 만큼 조망이 뛰어나다. 
가라산 곁에 계룡산(鷄龍山:566m)·노자산(老子山: 565m)·앵산(鶯山:507m)·산방산(山芳山:507m)·선자산(扇子山:507m)·옥녀봉(玉女 峰:555m) 등 500m대 비탈산이 많아 농지가 적지만 바다로 둘려 수산물이 풍부하다. 계룡산∼가라산 종주(약 25㎞)보다 노자산∼가라산 쪽이 인기다. 두 산은 1cm 사이라는 거제 유머가 있다. 
봄이면 고로쇠 약수 채취로 붐비고 해양성기후에 잘 자라는 아열대식물인 동백나무·팔손이나무·소철·종려나무 등 600여 종이 우거졌다. 노자산의 천연기념물인 학동의 동백림(233)은 세계적인 팔색조(八色鳥:204) 번식지이며, 서불의 불로초 신화에 얽힌 신선산의 산삼 또한 손꼽는다. 거제 해금강이 보이는 학동고개에서 오르면 벼늘［露積］바위ㆍ선녀바위가 있는 주능선 삼거리에 닿고, 다도해의 수묵화가 펼쳐진다. 

.",0.0,483100101,가라산,20201201, , , ,경상남도
경기도 포천시 신북면 가채리,포천시청,031-538-2114,( - ),306.7,416500101,가랑산,20201201, , , ,경기도
경상남도 밀양시 단장면 단장리,밀양시청,055-359-5114,경상남도 밀양시 단장면의 단장리서 가래봉으로 올라 안법리와 무릉리를 갈라놓은 능선을 타고 동남쪽으로 휘어지면서 무릉리와 감물리를 넘나드는 깨밭 고개로 내려선다. 여기서 다시 지친 몸을 추스르고 남진하면서 천지봉을 거쳐 금오산과 분기봉인 680m 봉에선 서북방면의 지능선을 타고 감물 저수지로 내려선다. 도상 12.5km에 달하는 이 코스의 특징은 산행길 내내 짙은 송림 숲 속을 거닐면서도 찾는 이 없어서인지 원시 상태 그대로의 야생 숲이어서 산길 또한 투박하고 험난하다.,502.2,482700101,가래봉,20201201, , , ,경상남도
경기도 이천시 율면 고당리,이천시청,031-644-2000,( - ),128.9,415000101,가래산,20201201, , , ,경기도
충청북도 청주시 상당구 남성면 인경리,청주시 상당구청,043-201-5114,( - ),543.2,431100101,가래산,20201201, , , ,충청북도
전라북도 전주시 덕진구 덕진동2가 ,전주시청,063-222-1000,전주의 지세가 북서쪽이 공결하여 바로 그 지점에서 기맥이 누설되고 있다. 그러한 까닭에 서쪽으로 가련산에서 동쪽으로 건지산으로 큰 제방을 쌓아 그 누설을 막고 이름을 붙이기를 덕진이라 하였다.,70.2,451100101,가련산,20201201, , , ,전라북도
강원특별자치도 인제군 북면 한계리,인제군청,033-461-2122,"가리봉은 설악산국립공원에 속하는 산으로 설악산 귀때기청봉(1,580m)과 대승령을 잇는 설악산 서북 주능선과 마주 보고 있어 독립된 산처럼 보인다. 멀리서 보면 봉우리가 둥글둥글 완만해 보이지만 험준한 바위봉우리들이 많은 산이다.
 산행 들머리는 옥녀탕 앞이나 한계령에서 시작하는데 오르다 보면 산의 남서쪽에 이 산의 명물 팔례 약수가 있다.
 가리봉 주능선은 등산인들의 왕래가 거의 없는 관계로 등산로가 뚜렷하지 않으므로 산행 시 주의해야 하는 곳이다.",1518.5,428100201,가리봉,20201201, , , ,강원특별자치도
경기도 포천시 이동면 도평리,포천시청,031-538-2114,"백운산과 국망봉 사이에 있는 신로봉에서 서쪽인 이동면 장암리 방면으로 뻗어내린 능선 상에 우뚝 솟은 가리산은 험준한 바위로 이루어진 산이다. 산 아래에서 볼 때 정산 주위는 두 개의 바위봉우리로 되어 있으며, 정상에서 서쪽과 북쪽 지역은 민간인 출입금지구역으로 주의를 요구하는 곳이다. 백운산과 국망봉 사이에 있는 신로봉에서 서쪽인 이동면 장암리 방면으로 뻗어내린 능선 상에 우뚝 솟은 가리산(774.3m)은 험준한 바위로 이루어진 산이다. 산 아래에서 볼 때 정상 주위는 두 개의 바위봉우리로 되어 있으며, 정상에서 서쪽과 북쪽 지역은 민간인 출입 금지구역으로 주의를 요구하는 곳이다. 정상에서의 사방 조망은 경기 제일의 고봉인 화악산, 명지산에 이어 세 번째로 높은 국망봉(1,168m)과 신로봉으로 이어지는 능선이 파노라마를 이룬다. 도평교를 하산 지점으로 잡을 경우 하산길은 지루함을 느낄 만큼 계곡 길의 연속이다. 가리산이란 명칭은 현재 폐광된 산 입구의 가리광산에서 유래됐다는 설이 전해진다. 가리란 바로 비료의 주성분 가운데 하나인 칼륨의 일본식 발음이다.",774.3,416500201,가리산,20201201, , , ,경기도
강원특별자치도 춘천시 북사면 물로리,춘천시청,033-253-3700,"강원도 춘천시와 홍천군의 경계를 이루는 산으로, 산 정상에 서면 탁 트인 시야와 발아래로 펼쳐진 소양호의 풍경이 등산객들의 발걸음을 멈추게 하는 곳이다. 산자락을 감싸 흐르는 조그마한 폭포의 물소리가 사람들의 마음을 시원하게 해주는 가리산은 우거진 숲과 노송들이 어우러져 비경을 이루고 있다.
 소양호 쪽으로 하산하여 물놀이 선착장에서 유람선을 타고 소양댐 선착장까지 나올 수 있어, 산행도 하고 배를 타는 재미가 있다. 산 이름인 가리는 '단으로 묶은 곡식이나 땔나무 따위를 차곡차곡 쌓아둔 큰 더미'를 뜻하는 순우리말로서, 산봉우리가 노적가리처럼 고깔 모양으로 생긴 데서 유래한다. 태백산맥 중 내지(內地) 산맥의 일부를 이룬다. 제1봉 남쪽에서 홍천강이 발원하여 북한강의 지류인 소양강의 수원(水源)을 이룬다. 능선은 완만한 편이나, 정상 일대는 좁은 협곡을 사이에 둔 3개의 암봉으로 이루어져 있으며 강원 제1의 전망대라고 할 만큼 조망이 뛰어나, 소양호를 비롯하여 북쪽으로 향로봉에서 설악산을 거쳐 오대산으로 힘차게 뻗어 나간 백두대간 등 강원 내륙의 고산준령이 한눈에 보인다. 정상 부근에서는 소양호로 갈 수 있는 가삽고개가 있는데, 그 형태가 계단식 분지형으로 이루어져 있다. 북쪽 산록은 소양호에 미치고 동쪽 산록에 홍천광산이 있다. 산기슭에는 숲이 우거져 있고 갖가지 기암괴석이 즐비하며, 산 정상과 계곡에는 향토 수종인 참나무가 주종을 이루며 자라고 있다. 아래쪽에는 두릅나무·철쭉·싸리나무·산초나무 등 관목류와 약용으로 사용되는 피나물·애기똥풀·양지꽃 등 야생화가 자생하고 있다. 강원도에서 진달래가 가장 많이 피는 산으로도 유명하다.
 1998년 가리산 자연휴양림으로 개장되어 통나무집·야영장·체육시설 등 편의시설이 있다. 휴양림 입구에는 높이 8m의 용소폭포가 있고, 주변에 스키장·온천·수타사·팔봉산 등의 관광지가 있다.",1050.9,421100101,가리산,20201201, , ,"강원도에서 진달래가 가장 많이 피는 산으로 알려져 있고, 참나무 중심의 울창한 산림과 부드러운 산줄기 등 우리나라 산의 전형적인 모습을 갖추고 있으며, 홍천강의 발원지 및 소양강의 수원(水源)을 이루고 있는 점 등을 고려하여 선정
암봉이 솟아있는 정상에서 소양호를 조망할 수 있고, 야생화가 많이 서식하여 자연학습관찰에도 좋은 여건을 갖추고 있음. '98년 강원도에서 자연휴양림으로 지정",강원특별자치도
강원특별자치도 정선군 정선읍 회동리,정선군청,033-562-3911,"가리왕산은 태백산의 지붕 역할을 하고 있으며 경사도가 완만한 등산로로 유명하다. 산 능선에는 고산식물인 주목, 잣나무, 단풍나무 등 각종 수목이 울창하며 산삼 등 많은 약초가 자라고 있다. 회동리 입구에는 자연휴양림이 조성되어 각종 편의시설이 설치되어 있고 등산로 산행시간은 총 6시간 정도 소요된다. 군립공원으로 지정, 개발계획에 있으며 숙암방면 입구는 약 4km 구간에 철쭉이 밀집 자생하고 있다.",1561.8,427700101,가리왕산,20201201, , ,"가리왕산 8경이 전해질 만큼 경관이 수려하고, 활엽수 극상림이 분포해 있으며, 전국적인 산나물 자생지로 유명. 특히 백두대간의 중심으로 주목군락지가 있어 산림유전자원보호림과 자연휴양림으로 지정되는 등 경관·생태적으로 가치가 큰 점에서 선정동강(東江)에 흘러드는 오대천과 조양강의 발원지이며 석회암 절리동굴인 얼음동굴이 유명. 산의 이름은 그 모습이 큰 가리(벼나 나무를 쌓은 더미)같다고 하여 유래 ",강원특별자치도
전라북도 부안군 위도면 식도리,부안군청,063-580-4191,( - ),117.4,458000101,가마귀산,20201201, , , ,전라북도
강원특별자치도 인제군 상남면 상남리,인제군청,033-461-2122,"강원도 홍천군 내천면과 인제군 상남면의 경계에 걸쳐 있는 가마봉은 산을 즐겨 타는 등반객들에게도 잘 알려지지 않아 자연 그대로의 정경을 간직한 산이다.
 산행기점인 김부리는 신라의 마지막 왕인 김부(金傅)에서 유래한 지명인데 세월이 흐르면서 현재 김부(金富)로 변했다고 한다.",1189.6,428100301,가마봉,20201201, , , ,강원특별자치도
전라남도 여수시 소라면 대포리,여수시청,1899-2012,( - ),0.0,461300101,가마봉,20201201, , , ,전라남도
충청남도 공주시 반포면 봉곡리,공주시청,1899-0088,"공주시 반포면 상신리는 계룡산 자락이 감싸고 있는 마을로, 뒷산을 ‘솥봉’ 또는 ‘가마봉’이라 부르는데 지명에 얽힌 슬픈 전설이 전해진다. 아주 오랜 옛날 산 아랫마을에 석공 부부와 두 딸이 단란하게 살고 있었다. 어느 날 석공이 독이 있는 음식을 잘못 먹고 급사하게 되자, 그의 아내와 두 딸은 산속에서 나물을 캐고 나무를 해서 먹고 살아야 했다. 그러던 어느 날 석공의 아내가 산나물을 뜯고 있다가 마침 사냥을 나온 인근 고을의 원님과 마주치게 되었다. 원님은 한눈에 이 여인에게 반하여 억지로 끌고 가서 자신의 시중을 들라고 명령하였다. 석공의 아내는 완강하게 거부하였고, 원님은 만약 끝까지 싫다고 한다면 가마솥의 끓는 물에 집어넣어 죽이겠노라고 협박하였다. 그래도 여인이 끝내 싫다 하니 원님은 처음 만났던 그 산속으로 여인을 다시 데리고 가 부하들이 가마솥을 걸게 하고 물을 끓인 후 사공의 아내를 빠뜨려 죽이고 말았다. 그 후 석공의 두 딸이 어머니의 처참한 시신을 발견하고, 통곡하며 복수를 다짐한 끝에 10여 년의 시간이 흐른 후 사냥 나온 원님을 향해 화살을 쏘아 죽였다. 죽은 여인의 혼은 이승을 맴돌며 지금도 비 오는 밤이나 안개가 낀 날에 큰 울음소리를 낸다고 한다. 산 중턱에 솥을 걸었던 자리는 사람 형상의 바위가 생겨나 ‘사람 바위’ 혹은 ‘아내 바위’라 불렀고, 그 산은 솥 봉 또는 가마봉이라 불리게 되었다고 한다.",0.0,441500101,가마봉,20201201, , , ,충청남도
충청북도 음성군 원남면 구안리,음성군청,043-871-3114,( - ),485.0,437700101,가막산,20201201, , , ,충청북도
경상남도 산청군 생초면 노은리 ,산청군청,055-970-6000,( - ),335.8,488600101,가막산,20201201, , , ,경상남도
경상남도 의령군 지정면 득소리,의령군청,055-570-2114,( - ),257.3,487200101,가목산,20201201, , , ,경상남도
경상북도 칠곡군 가산면 가산리,칠곡군청,054-973-3321,"대구의 명산 팔공산 정상에서 서쪽으로 약 10㎞ 떨어진 가산은 일명 칠봉산이라고도 불리며 칠곡군 내 최고봉으로 가산면 가산리에 있다. 7개의 봉이 7개의 골짜기를 이루어 칠곡(七谷)이라 한 것이 오늘의 칠곡(漆谷)이 되었다. 1640년(인조 18)에 가산성을 쌓고 칠곡도호부의 치소가 약 180년간 산성 내에 있었다. 한국전쟁 때의 격전지로서 선조의 호국 의지가 깃들어 있는 가산산성과 가산바위 등 명소가 많으며 울창한 수림, 계곡의 석간수는 한여름에도 서늘함을 느낄 만큼 시원하여 가족 단위의 등산객이 많이 찾고 있다. 가산바위는 산성 서쪽에 있는 80여 평의 넓은 바위로, 신라 시대의 고승 도선(道詵, 827∼898년)이 산천을 편력하면서 가산바위에 쇠로 만든 소와 말의 형상을 묻어지기를 눌렀다고 전한다. 용의 모습을 닮은 용바위, 신선이 노닐었다는 유선대는 가산 정상에 우뚝 솟아 있다.",901.8,478500101,가산,20201201, , , ,경상북도
전라남도 영암군 군서면 해창리,영암군청,061-470-2114,( - ),104.4,468300101,가삼봉,20201201, , , ,전라남도
충청북도 음성군 음성읍 용산리,음성군청,043-871-3114,( - ),0.0,437700201,가섭산,20201201, , , ,충청북도
충청북도 영동군 매곡면 옥전리,영동군청,043-742-2101,( - ),729.9,437400101,가성산,20201201, , , ,충청북도
전라남도 나주시 운곡동 ,나주시청,061-339-8114,가야산은 나주시 가야동 영산강 변에 피라미드 형상으로 아름답게 솟은 산이다. 나지막한 산세지만 발아래 바로 영산강을 끼고 있어 나주평야 전체를 바라볼 수 있다. 특히 북쪽 기슭에 위태롭게 매달려 있는 앙암은 강과 함께 어우러져 뛰어난 경관을 자랑한다.,190.5,461700101,가야산,20201201, , , ,전라남도
경상북도 성주군 수륜면 백운리,성주군청,054-933-0021,"가야산은 경남 합천군 가야면과 거창군 가북면, 경북 성주군 가천면 수륜면을 한몸에 품고 있다. 우리나라 12대 명산 중의 하나로 산세가 천하에서 으뜸이고, 지덕은 해동에서 제일이라 하여, 대한 8경에 속하는 명산이다. 가야산 지역이 옛날 가야국이 있었던 곳이고 이 산이 가야국에서 가장 높고 훌륭한 산이었기 때문에 자연스럽게 가야의 산이라 불렀다고 한다. 가야산은 소머리 같다 해서 우두산(산 머리의 큰 바위 아래에 소의 코라는 뜻의 우비정이란 샘도 있다) 이라는 이름 외에 상왕산, 설산, 중향산 등으로도 불리워졌다. '택리지'에 기암괴봉을 불꽃에 비유하여 석화성(石火星)이라고 하였는데, 가야산은 보는 방향에 따라서 한 송이 연꽃으로도 보였다가 서쪽으로 겹겹이 솟은 산봉우리 사이사이 또는 골짜기에 하얀 구름이 잠기면 많은 섬이 떠 있는 바다가 된다. 해발 1천m가 넘는 고봉들이 불꽃처럼 솟아 있는 자태하며, 북에서 남으로 이르는 장쾌한 대덕유의 줄기와 아스라히 떠오른 구름 위로 지리산을 볼 수 있는 조망, 홍류동천의 아름다운 계곡 등 장중하고 덕성스러운 모습을 곳곳에서 볼 수 있다. 가야산 고스락에 서면 금오산, 팔공산, 비슬산이 보이고 화왕산, 자굴산이 보이는가 하면 가까이에 두무산, 오도산, 비계산, 조금 멀리에 백운산, 수도산, 대덕산 등이 보인다. 여기에 우리나라 3보 사찰 중 하나인 해인사가 들어서고, 조선 시대 때 강화도에서 팔만대장경을 옮겨온 이후 불교의 성지로 자리매김하였다. 근래에는 백련암에서 수도했던 성철 스님으로 인하여 더욱 유명해졌다.",1432.6,478400101,가야산,20201201, , ,"예로부터 우리나라의 12대 명산 또는 8경에 속하는 산으로서 '72년 국립공원으로 지정되었으며, 특히 '95년 세계문화유산으로 지정된 국보 팔만대장경과 해인사가 있는 등 역사·문화적 가치가 높은 점을 고려하여 선정,
`가야국'이 있었던 곳으로 전해지며, `택리지'에서는 가야산의 기암괴봉을 불꽃에 비유하여 석화성(石火星)이라 하였음. 산위에서의 조망이 좋고, 특히 용문폭포와 홍류동 계곡 등이 유명 ",경상북도
전라남도 광양시 성황동 ,광양시청,061-797-2114,"가야산은 진안 장안산에서 시작해 광양 백운산에서 끝을 맺는 듯하던 호남정맥이 남으로 국사봉과 봉화산으로 뻗어 내리다가 동쪽으로 다시 한 번 여세를 몰아 일으킨 산이다. 정상에 오르면 광양 백운산과 백두대간에서 시작하는 지리산 천왕봉은 물론 주릉의 모습까지 한눈에 조망되는 작지만 알찬 산이다. 광양만을 바라보며 우뚝 솟아있어 시내 어디에서나 보이며 또 쉽게 오를 수 있어 광양시민들에게 사랑받는 산이다. 산에서 내려다보이는 광양만은 예부터 전남과 경남을 잇는 해상교역의 요충지이자 수산물의 보고이기도 하다. 불과 500ｍ에 가까운 낮은 산이지만 이곳에는 암장이 있다. 병풍암, 동굴 바위, 전망대 바위, 처마바위, 적벽 등은 1989년 강신복, 김병석 씨가 처음 개척한 이래 현재 70여 개 루트가 열려 있고, 도로에서 암장까지는 약 30분이면 갈 수 있어 이곳 바위 꾼들의 암벽 훈련 장소로 제격이다. 산행 시간은 어느 코스를 잡아 올라서든 4시간이면 충분하다.",496.9,462300101,가야산,20201201, , , ,전라남도
충청북도 제천시 수산면 성리,제천시청,043-641-5114,"가은산은 청풍호반을 사이에 두고 청풍호의 최고 경승지 옥순,구담봉과 마주 서있다. 그래서  제천 지역의 어느 산에서보다 청풍호반의 아름다운 풍광을 만끽할 수 있다. 또한, 등산로 곳곳에  기암괴석과 그 사이에서 자라는 노송들이 한데 어울려 한 폭의 동양화를 그려낸다. 뿐만 아니라  남쪽에는 월악산 영봉과 만수봉으로 이어지는 들쭉날쭉한 능선이 막힘없이 펼쳐진다. 진초록빛  호수 위로 하얀 물보라를 일으키며 지나가는 유람선의 모습은 가은산을 오르는 도중에만 볼 수 있는  아름다운 장면이다. 등산로 곳곳에 물개바위, 기와집바위, 손바닥바위, 시계바위, 곰바위 등  독특한 이름을 갖고 있는 기암들이 있어 산행의 즐거움을 더한다.",0.0,431504101,가은산,20201201, , , ,충청북도
전라남도 영광군 염산면 야월리,영광군청,061-350-5114,"가음산은 염산면 야월리에 있으며, 옛날의 통신기관이었던 봉화대가 있었던 높은 산이다. 서쪽 49리에 있는데 남쪽으로 함평현의 해제봉수에 응하고, 북쪽으로 고도도 봉수에 전한다고 기록이 되어있다고 한다.",206.2,468701901,가음산,20201201, , , ,전라남도
충청북도 옥천군 안내면 서대리,옥천군청,043-730-3114,( - ),488.0,437300101,가재봉,20201201, , , ,충청북도
경상북도 예천군 효자면 도촌리,예천군청,054-654-3801,( - ),851.0,479000101,가재봉,20201201, , , ,경상북도
충청남도 아산시 음봉면 쌍룡리,아산시청,1577-6611,( - ),185.2,442000101,가재산,20201201, , , ,충청남도
경상북도 김천시 조마면 강곡리,김천시청,054-420-6114,( - ),682.7,471500101,가제산,20201201, , , ,경상북도
경상남도 진주시 가좌동 ,진주시청,055-749-2114,( - ),0.0,481703201,가좌산,20201201, , , ,경상남도
전라남도 장흥군 유치면 봉덕리,장흥군청,061-863-7071,"신라말 원표대사(元表大師)가 인도에 계실 때 신비한 기운이 삼한의 밖 아득히 먼 곳으로부터 비쳐와 그 기운만을 바라보고 산을 넘고 바다를 건너 오묘한 곳을 찾아내 자리를 잡으니 산세가 인도의 가지산, 중국의 가지산과 같아서 가지산이라 명하고 지어진 절이 보림사로 창건에 얽힌 이야기가 전해져 오듯 국보와 보물이 많이 있으며 가지산은 규모는 작지만, 산세가 좋아 정상에서 둘러보면 금방 명산이라는 것을 느낄 수 있다. 특히 가을철에는 산 전체가 단풍으로 붉게 물들어 그 아름다움은 극치에 달하고 정상부의 바위들은 돌을 깎아 세운 듯하다. 한편 보림사 봉덕 계곡은 사시사철 깨끗한 물이 흐르고 있어 많은 탐방객이 찾고 있으며 여름철에는 최고의 가족 휴양지로 꼽힌다.",509.9,468000101,가지산,20201201, , , ,전라남도
울산광역시 울주군 상북면 덕현리,울주군청,052-229-7000,"높이는 1,241m이다. 태백산맥의 끝자락에 딸린 산이다. 주위의 운문산(1,188m)·천황산(1,189m)·고헌산(1,034m) 등과 더불어 태백산맥의 남쪽 끝 산악지대를 형성한다. 밀양강의 지류인 산내천(山內川)·무적천의 발원지이며, 남쪽의 천황산 사이 산내천 하곡부(河谷部)의 산내면 시례에는 한 한여름에도 얼음이 어는 얼음골이 있다. 정상 부근에는 바위 능선이 많고 나무가 거의 없는 대신 사방이 탁 트여 가을이면 곳곳이 억새밭으로 장관을 이룬다. 높이 약 40m의 쌀바위도 유명하다.

.",1240.9,317100101,가지산,20201201, , ,"백두대간 남단의 중심으로 ""영남알프스""에서 가장 높은 산으로 '79년 도립공원으로 지정되었음. 수량이 풍부한 폭포와 아름다운 소(沼)가 많고, 천연기념물 224호인 얼음골과 도의국사 사리탑인 ""8각운당형부도(보물 제369호)""가 보존되어 있는 석남사(石南寺)가 소재하는 점 등을 고려하여 선정능선 곳곳에 바위봉과 억새밭이 어우러져 있고 전망이 좋으며 자연휴양림이 있음. 밀양강의 지류인 산내천과 무적천의 발원지이다.",울산광역시
강원특별자치도 영월군 남면 토교리,영월군청,1577-0545,( - ),818.6,427500101,가창산,20201201, , , ,강원특별자치도
충청북도 제천시 두학동 ,제천시청,043-641-5114,( - ),0.0,431500101,가창산,20201201, , , ,충청북도
강원특별자치도 인제군 인제읍 귀둔리,인제군청,033-461-2122,( - ),1165.0,428105201,가칠봉,20201201, , , ,강원특별자치도
경기도 광명시 가학동 ,광명시청,1688-3399,( - ),220.0,412100501,가학산,20201201, , , ,경기도
전라남도 완도군 소안면 미라리,완도군청,061-550-5114,"완도군 소안면은 소안항일운동의 본거지로서 면적 28.7km(군의 7.4%)로서 10개의 도서 중 유인도4 무인도6으로서 해안선의 길이는 64.43km에 달한다. 주민 대다수가 어업에 종사하며 주로 김, 어류, 전복 양식이 주요 특산품이다.",0.0,468900101,가학산,20201201, , , ,전라남도
전라남도 영암군 학산면 학계리,영암군청,061-470-2114,"전라남도 영암군 학산면 학계리와 해남군 계곡면 당산리의 경계에 있는 산. 가학산(加鶴山)[575m]은 월출산 국립 공원에 속한 주지봉에서 남동쪽으로 돌아 월각산[460m], 밤재[栗峙], 벌매산[465m]에서 흑석산으로 이어지는 능선에 우뚝 솟아오른 산이다. 정상은 거대한 돔(dome) 형의 바위 봉이 평평하고 넓은 공터를 이루나, 양쪽이 벼랑이다. 가학산 정상에서는 북동쪽으로 월출산, 남쪽으로 두륜산이 보인다.가학산의 주 능선은 온통 바위로 되어 있어 등산로 이외의 탈출로가 많지 않다. 험한 바위산의 위용과 더불어 능선에는 철쭉 밭이 있고, 소사나무 군락은 우리나라 최고라고 일컬어지기도 한다. 또한 단단한 화강암 덩어리가 줄지어 얹힌 가학산 능선에는 소나무가 뿌리박고 있으며, 난(蘭) 자생지로도 유명하다.가학산의 남쪽인 해남군 계곡면 방춘동은 양지바른 터이고, 북쪽인 영암 골짜기는 습기가 마르지 않아 수세가 좋다. 또한 가학산의 북쪽에는 영암군 학산면의 학산천 계곡이 있고, 남쪽에는 해남군 계곡면 당산리의 계곡천이 있다.",0.0,468302001,가학산,20201201, , , ,전라남도
전라남도 해남군 계곡면 가학리,해남군청,061-530-5114,"월출산에서 남으로 뻗은 능선이 강진군 성전면과 영암군 학산면을 잇는 회랑에서 2번 국도에 길을 내주는 등 잠시 바닥에 깔렸다가 고도를 높여 별매산을 만들고 서쪽으로 진행하며 영암군과 해남군 사이의 장벽을 이룬다. 이 산줄기는 동으로부터 별매산, 가학산, 흑석산, 두억봉, 418봉 등으로 이어지며 계속 서진한 뒤 영암호에 이른다. 봄철 철쭉 철이면 철쭉군락지가 산재한 이 산줄기의 곳곳이 붉게 물들어 장관을 연출한다. 높지 않으면서도 수려한 봉우리들이 중첩되고 조망도 시원한 산들이 가학산, 흑석산이다. 별매산(465m)에서 흑석산(黑石山, 650m)으로 이어지는 능선에 우뚝 솟아 있는 가학산의 정상부는 거대한 돔형의 바위 봉으로 되어 있어 해발과 비교하면 웅장함을 자랑하고 있다. 가학산 정상은 평평하고 넓은 공터를 이루고 있으나 양쪽이 절벽으로 이루어져 있어 주의해야 하는 곳이다. 정상에서 북동쪽으로 월출산이 손에 잡힐 듯 가까이 보이고, 남쪽으로는 두륜산이 아스라히 보인다. 가학산 주능선은 온통 바위 능선으로 되어 있어 등산로 이외 탈출로가 많지 않은 산이다.",574.7,468200201,가학산,20201201, , , ,전라남도
인천광역시 서구 금곡동 ,서구청,032-562-5301,"가현산은 수원 광교산의 일맥이 광주 오봉산을 거쳐 부평 계양산에 이르고 계양산에서 서쪽으로 뻗은 맥이 이곳에 이르게 되고 이어서 대곶면 약산과 수안산을 거쳐 몇 개의 섬을 남기고 강화도의 원맥이 되었으며, 일맥은 문수산을 형성하였는데 이 산에서는 서해뿐만 아니라 김포평야를 흐르는 한강과 동북쪽으로 임진강 하류와 그 너머 북한지역 산들을 조망할 수 있는 명산이다. 또한, 인천 서구와 경기도 김포시 양촌읍 경계에 있는 해발 215.3m의 산으로 비록 높지 않은 작은 산이지만 정상에 서면 동으로는 서울 남산, 서쪽은 서해와 강화섬, 북으로는 한강과 김포평야가 한눈에 내려다보이는 전망 좋은 산이다.",214.7,282600101,가현산,20201201, , , ,인천광역시
경기도 오산시 청학동 ,오산시청,031-8036-8036,( - ),0.0,413700901,각골산,20201201, , , ,경기도
경기도 용인시 처인구 남사면 전궁리,용인시청,1577-1122,( - ),0.0,414600101,각골산,20201201, , , ,경기도
경상남도 거제시 거제면 서정리,거제시청,055-639-3000,( - ),0.0,483100201,각산,20201201, , , ,경상남도
경상남도 사천시 대방동 ,사천시청,055-831-2114,"각산 산성과 각산 봉수가 있고, 등산객들이 많이 찾는 편이며 삼천포 앞바다의 섬들이 한눈에 들어온다. 삼천포항 서쪽에 바다와 접하면서 실안동을 말발굽처럼 둘러싸고 있는 산이 각산이다. 건너편 와룡산의 위세가 워낙 대단하여 일반에게 잘 알려지지 않지만, 인근 주민들에게 사랑을 받는 산이다. 산은 전형적인 육산으로 산세가 포근한 느낌을 주고 있다. 남릉에 있는 각산 산성과 봉화대가 이 산의 위치적 중요성을 더욱 일깨우고 있다.",408.4,482400101,각산,20201201, , , ,경상남도
경상남도 김해시 대동면 월촌리,김해시청,1577-9400,동신어산의 동쪽에 있는 산이다. 진입로 찾기가 어려우며 인적이 드물어 산길이 험하다.,136.6,482500101,각성산,20201201, , , ,경상남도
경상북도 봉화군 춘양면 석현리,봉화군청,054-679-6114,"각화산은 태백산 남쪽 15Km 지점 경북 봉화군 춘양면 석현리에 위치하고 있으며, 가을에는 정상을 오르는 등산로에 단풍이 곱게 물들어 많은 사람이 찾는다.
각화산이란 명칭은 시라 문무왕 16년 (676년) 원효대사가 춘양면 서동리에 있던 람화사(覽華寺)를 이 산자락 밑으로 이전한 뒤 생각 ""각"" 자로 바꿔 부른 데서 기인한다. 이 람화사에는 보물 52호로 지정된 3층 석탑이 있으며, 각화사에서 2Km 떨어진 곳에는 조선왕조실록을 보관하던 조선 5대 사고 가운데 하나인 태백산고지지(사적348호)가 위치하고 있으며 산림이 무성하여 찾기가 힘들고 오전에 등반해야 하산을 할 수 있다.",1202.0,479200101,각화산,20201201, , , ,경상북도
경기도 포천시 이동면 도평리,포천시청,031-538-2114,"각흘봉은 38선 북쪽에 있는 산이다.
 산 정상에서 동남쪽 아래로 약 3km 길이로 이어지는 각흘계곡은 계곡 피서지로 유명한 약사계곡과 삼부연폭포로 물을 쏟아 내려 주는 용화저수지의 발원지로 폭포와 웅덩이가 줄지어 있을 정도로 수량이 많아 계곡 물소리 또한 우렁차 귀를 시원하게 해 준다. 하늘이 보이지 않을 정도로 울창한 수림이 온 산을 감싸고 있으며, 등산로 곳곳에 갈대밭이 모여 있어 산행의 정취를 더해준다.
 각흘산 바로 아래의 계곡은 각흘계곡이고 중간 봉우리인 각흘봉(622m)아래 계곡은 약사계곡이라고 하는 골짜기로 이름이 꽤 알려졌다.
 각흘계곡의 물은 남쪽으로 흘러 약사계곡의 물과 합류하며 곧이어 백운산에서 흘러내러 오는 물과 만난 영평천을 이룬 뒤 한탄강으로 흘러간다. 경관:광덕산에서 백운산을 거쳐 국망봉, 운악산으로 흘러가는 한북정맥의 조망이 좋다. 북으로 전방지역의 산과 철원들판이 내려다보인다.",662.0,416500301,각흘봉,20201201, , , ,경기도
경기도 포천시 이동면 도평리,포천시청,031-538-2114,( - ),882.0,416504501,각흘산,20201201, , , ,경기도
강원특별자치도 정선군 회암면 화암리,정선군청,033-562-3911,"각희산은 화암국민관광지에서 동대천 북쪽으로 병풍처럼 펼친 듯 솟아 있는 산이며, 동대천을 사이에 두고 행산과 화암약수터가 있는 군의산과 마주하고 있다. 동대천을 거슬러 올라가면 남전산과 지억산이 버티고 있다. 동대천변의 화암 8경을 보려는 사람들의 발길은 끊이지 않는 데 반해 각희산은 등산로가 잘 알려지지 않아 아직 태고의 신비를 고스란히 간직하고 있다. 각희산 바로 옆 행산과 군의산, 남전산과 지억산이 어깨를 두르고 있다. 정상에서 보면 청옥산, 민둥산이 보이고 그 뒤로 두위봉도 보인다. 각희산은 예로부터 신성시하여 나라에서 벌채를 금지했던 곳으로 알려졌다.",1085.2,427700301,각희산,20201201, , , ,강원특별자치도
강원특별자치도 정선군 임계면 덕암리,정선군청,033-562-3911,( - ),0.0,427708901,각히산,20201201, , , ,강원특별자치도
전라북도 전주시 완산구 원당동 ,전주시청,063-222-1000,( - ),110.5,451100201,간대봉,20201201, , , ,전라북도
강원특별자치도 삼척시 신기면 신기리,삼척시청,033-572-2011,"삼척시 신기면과 노곡면 사이를 가로질러 신기리와 대평리를 감싸 안 듯 늘어선 산줄기의 가운데 우뚝 솟은 산봉우리이다. 산의 앞으론 오십천이 마을을 가로 흐르고 독묘산이 봉곳이 솟아 있다. 또한, 38번 국도와 영동선 철도가 지나가며 ""강원종합박물관""이 있다. 환선굴과 대금굴이 있는 덕항산을 마주하고 그 뒤로는 백두대간의 두타산, 청옥산이 버티고 서 있으며 좌로는 육백산, 사금산, 응봉산 등 수많은 산과 산맥이 이어져 있어 이 산에서의 주변 조망 또한 훌륭하다 하겠다.",471.6,422300201,간대산,20201201, , , ,강원특별자치도
강원특별자치도 인제군 남면 신월리,인제군청,033-461-2122,( - ),557.5,428100501,간무봉,20201201, , , ,강원특별자치도
울산광역시 울주군 상북면 등억알프스리,울주군청,052-229-7000,( - ),1069.2,317104301,간월산,20201201, , , ,울산광역시
전라남도 순천시 주암면 운룡리,순천시청,061-749-3114,( - ),449.4,461500101,간축산,20201201, , , ,전라남도
강원특별자치도 삼척시 가곡면 탕곡리,삼척시청,033-572-2011,( - ),0.0,422305401,갈경산,20201201, , , ,강원특별자치도
경기도 의왕시 왕곡동 ,의왕시청,031-345-2114,( - ),0.0,414300801,갈기산,20201201, , , ,경기도
충청북도 영동군 학산면 지내리,영동군청,043-742-2101,"기암괴봉과 깎아지른 바위벼랑이 한 폭의 동양화처럼 아름답고 능선이 반원형으로 가운데가 깊숙한 골을 이루며 암벽들이 산기슭을 감돌아 흐르는 금강 줄기와 어우러져 경관을 자랑한다. 또한, 천태산, 서대산 등 주변의 산 군을 바라볼 수 있는 조망이 좋은 산이다.",585.0,437400201,갈기산,20201201, , , ,충청북도
경기도 양평군 청운면 신론리,양평군청,031-773-5101,"용두리에서 홍천 방향으로 이어지는 44번 국도 동쪽 옆에 솟아 있는 갈기산은 산 높이는 낮으나 능선 곳곳에 바위가 돌출되어 전망이 좋은 산이다. 봄이면 바위들과 진달래, 철쭉이 어우러져 고운 빛깔로 물들이고, 가을이면 형형색색의 단풍으로 자태를 뽐내는 산으로, 유명한 산에 비해 한적하고 쾌적한 산행을 하기에 안성맞춤인 산이다.

국토지리정보원 발행 지형도상 갈기산의 한자 표기는 칡 '갈' 자에 터 '기' 자를 쓴 '葛基山'이지만 과거에는 일어날 기(起)자를 썼다고 한다. 구한말 기록에는 부동산(不動産), 그 이전에는 감물악(甘勿岳)이라고 불렀다고 한다.

정상 주변은 온통 바위로 되어 있어 전망이 좋으나 주의를 필요로 하는 곳이다. 계곡이 깨끗하고 물이 차가워 송어 양식에 적합한 장소로 산자락에는 송어 횟집이 여러 곳 있다.",0.0,418300101,갈기산,20201201, , , ,경기도
전라남도 해남군 송지면 송호리,해남군청,061-530-5114,( - ),0.0,468203401,갈두산,20201201, , , ,전라남도
경상북도 안동시 남선면 도로리,안동시청,054-856-5701,"이 산은 안동시 남선면과 의성군 단초면이 경계를 이루고 있으며, 안동시의 남동쪽 11km 지점에 있고 있다. 정상에는 기우단이 있고 기우단 주위에는 무쇠로 만든 말을 묻어 두었다는 전설이 있으며 정상 석탑에 돌을 올리고 소원을 빌면 이루어진다 하여 많은 사람들이 돌을 올리고 소원을 빌고 있다.",547.0,471700101,갈라산,20201201, , , ,경상북도
충청남도 홍성군 은하면 목현리,홍성군청,041-630-1114,( - ),57.1,448000101,갈록산,20201201, , , ,충청남도
대전광역시 동구 남월동 ,동구청,042-251-4114,대전광역시 동구 낭월동 산13-1번지에 위치한 갈리봉은 식장산 남쪽 줄기에 해당하는 233m의 낮은 봉우리이다. 서쪽보다 동쪽이 높으며 경사가 완만하나 남북으로는 급경사를 이루고 있다. 산에 오르는 인적이 드물어 등산로 입·출구가 불분명하다.  갈리봉에 오르기 위해선 산내초등학교 앞 사거리에서 마을 어귀로 길을 따라 들어오면 된다. 정상 조망점에서는 남서쪽으로 통영-대전중부고속국도가 보이고 그 뒤로 만인산을 볼 수 있다. 서쪽으로는 대전과 금산을 연결하는 도로를 따라 생긴 마을과 석천들의 대단위 아파트 단지를볼 수 있다. 동쪽으로는 곤룡재와 마주하고 있고 남쪽 바로 밑에는 곤룡터널로 이어진 도로가 보인다. 그리고 정상에서 동쪽으로 발길을 옮기면 북쪽으로 탁트인 식장산 전경을 볼 수 있다.,0.0,301102201,갈리봉,20201201, , , ,대전광역시
충청남도 논산시 가야곡면 병암리,논산시청,041-746-5114,( - ),158.1,442300101,갈마산,20201201, , , ,충청남도
경상남도 함안군 대산면 부목리,함안군청,055-580-2114,( - ),106.3,487300101,갈마산,20201201, , , ,경상남도
경상남도 합천군 용주면 성산리,합천군청,055-930-3114,"갈마산 정상에서 바라보는 합천이 한눈에 들어온다. 비록 산의 규모는 작지만, 정상에서 바라보는 조망이 가히 일품이다. 유유히 흐르는 황강에 둘린 합천의 전경이 이루 말할 수 없을 정도다.",232.7,488900101,갈마산,20201201, , , ,경상남도
전라남도 영암군 삼호읍 삼포리,영암군청,061-470-2114,영암군 삼호읍 용당리에서 삼포리 일대 현대삼호중공업 입구에 위치해 있다.,129.8,468302101,갈마산,20201201, , , ,전라남도
충청북도 영동군 용화면 자계리,영동군청,043-742-2101,( - ),625.4,437400301,갈모봉,20201201, , , ,충청북도
경상북도 상주시 공검면 지평리,상주시청,054-533-2001,( - ),207.6,472500101,갈모봉,20201201, , , ,경상북도
경상남도 고성군 삼산면 미룡리,고성군청,055-670-2114,"빼어난 산은 아니나 바다의 아름다운 풍광을 만끽할 수 있는 산이다. 이 산은 편백, 삼나무를 수종으로 하는 갈모봉 휴양림이 가꾸어져 있어 산책과 더불어 휴식공간으로 이용하기에 좋은 곳으로, 고성읍에서 약 2킬로 정도 떨어져 있고, 도로변에 위치하여 읍민들의 이용 접근성이 좋은 편이다.",368.3,488200101,갈모봉산,20201201, , , ,경상남도
광주광역시 동구 선교동 ,동구청,062-608-2114,( - ),313.8,291100101,갈미봉,20201201, , , ,광주광역시
경상남도 산청군 생비량면 제보리,산청군청,055-970-6000,( - ),363.1,488600301,갈미봉,20201201, , , ,경상남도
경상북도 안동시 북후면 석탑리,안동시청,054-856-5701,( - ),548.5,471705701,갈미봉,20201201, , , ,경상북도
전라북도 임실군 임실읍 대곡리,임실군청,063-640-2114,( - ),541.4,457500101,갈미봉,20201201, , , ,전라북도
전라남도 구례군 구례읍 계산리,구례군청,061-782-2014,"북으로는 곡성군이 있고 섬진강으로 구례군을 접경하여 동으로는 광양시, 남으로는 서면, 서쪽으로는 월등면이 인접하고 있다. 산은 봉두산(753m)을 비롯해 서면과 경계를 이루는 농암산(470m), 갓거리봉(688m), 구례군 문척면과 경계를 이루는 천황봉(652m), 갈미봉(656m) 등이 있다.",496.6,467300101,갈미봉,20201201, , , ,전라남도
전라남도 광양시 진상면 어치리,광양시청,061-797-2114,백두산을 뒤로하고 걷다 보면 우측에 억불 봉이 손에 닿을 듯이 자리 하고 있고 좌측 멀리 명산 지리산이 아늑하게 보이고 발아래 좌측에는 섬진강이 유유히 흐르고 있고 멀리 앞쪽에는 남해를 바라보며 산행을 하는데 지루함이 없다.,0.0,462300201,갈미봉,20201201, , , ,전라남도
전라남도 순천시 황전면 덕림리,순천시청,061-749-3114,"북으로는 곡성군이 있고 섬진강으로 구례군을 접경하여 동으로는 광양시, 남으로는 서면, 서쪽으로는 월등면이 인접하고 있다.산은 봉두산(753Km)을 비롯 서면과 경계를 이루는 농암산(470Km), 갓거리봉(688Km), 구례군 문 척면과 경계를 이루는 천황봉652Km, 갈미봉(656Km) 등이 있다.",656.4,461505301,갈미봉,20201201, , , ,전라남도
충청남도 금산군 남일면 신정리,금산군청,041-750-2114,( - ),0.0,447100101,갈미봉,20201201, , , ,충청남도
충청남도 공주시 우성면 방문리,공주시청,1899-0088,( - ),311.3,441504301,갈미봉,20201201, , , ,충청남도
강원특별자치도 정선군 북평면 숙암리,정선군청,033-562-3911,( - ),1273.0,427700501,갈미봉,20201201, , , ,강원특별자치도
강원특별자치도 원주시 귀래면 운남리,원주시청,033-742-2111,( - ),0.0,421300101,갈미봉,20201201, , , ,강원특별자치도
경상북도 봉화군 봉성면 우곡리,봉화군청,054-679-6114,"갈방산(葛芳山)은 해발고도 712m의 낮은 산이다. 봉화군 법전면 갈방마을에 위치한 이산은 낮지만, 정상부까지의 등산로가 희미할뿐만 아니라 등산로가 매우 가파르기 때문에 등산하기에 약간의 어려움이 있다. 정산부에서부터하는 등산은 대체로 쉬운편이나, 숲이 우거져 주변 경치를 조망하기가 어렵다. 하지만 자연을 벗삼은 호젓한 산행을 하기엔 알맞은 편이다.",711.5,479200201,갈방산,20201201, , , ,경상북도
충청남도 금산군 부리면 방우리,금산군청,041-750-2114,( - ),582.2,447100201,갈선산,20201201, , , ,충청남도
강원특별자치도 인제군 기린면 방동리,인제군청,033-461-2122,( - ),0.0,428105101,갈전곡봉,20201201, , , ,강원특별자치도
강원특별자치도 양양군 서면 갈천리,양양군청,033-670-2114,( - ),1196.3,428307401,갈전곡봉,20201201, , , ,강원특별자치도
경상남도 거창군 신원면 청수리,거창군청,055-940-3114,( - ),765.1,488806301,갈전산,20201201, , , ,경상남도
경상남도 산청군 생초면 향양리,산청군청,055-970-6000,"갈전산은 산청, 거창군을 경계 짓는 위치에 있으며 덕유산에서 내려온 줄기가 이곳 경계에서 양분되어 한줄기는 덕갈산을 거쳐 생초면 소재지 방향으로 달리고 다른 한줄기가 바로 갈전산을 거쳐 철마산, 소룡산, 바랑산을 거쳐 황매산으로 길게 이어져 있다. 갈전산은 덕갈산과 마주 보고 있어 생초면 소재지까지 뻗어 있는 덕갈산 줄기를 조망하기에 좋은 곳이다. 날씨가 좋으면 덕유산과 함양군의 고봉들도 조망할 수 있으며 지리산과 그 아래 산들도 조망할 수 있다. 갈전산은 규모가 크거나 산세가 수려하지는 않다. 하지만 이웃한 철마산과 함께 연결하여 산세를 본다면 결코 작은 산이라고 말할 수 없다.",0.0,488600401,갈전산,20201201, , , ,경상남도
경기도 양평군 영문면 금곡리,양평군청,031-773-5101,( - ),0.0,418300201,갈지산,20201201, , , ,경기도
부산광역시 기장군 기장읍 내리,기장군청,051-709-4000,( - ),308.5,267100101,감딤산,20201201, , , ,부산광역시
강원특별자치도 횡선군 공근면 어둔리,횡성군청,033-340-2114,( - ),636.7,427300101,감루봉,20201201, , , ,강원특별자치도
충청남도 공주시 계룡면 하대리,공주시청,1899-0088,( - ),307.5,441504401,감바위산,20201201, , , ,충청남도
전라남도 무안군 현경면 해운리,무안군청,061-450-5114,"감방산은 영산기맥의 호남정맥의 하나의 산으로 높은 산은 아니지만, 칠산바다가 한눈에 보이는 아주 전망 좋은 산이기도 하다 않은 산이어서 가족들과 함께 오를 수 있는 산이다. 힘들게 오르지 않고 웃으면서 걷다 보면 정상에 바로 올라온다. 정상에서 바라보면 칠산바다가 한눈에 보이는데 가히 그동안 쌓였던 피곤이 한 번에 떨쳐버릴 듯한 칠산바다가 뻥하니 뚫려서 보인다. 시원한 산의 공기와 칠산바다의 내음을 맡을 수 있는 곳이다.",259.0,468400101,감방산,20201201, , , ,전라남도
충청남도 부여군 외산면 비암리,부여군청,041-830-2114,( - ),463.9,447600101,감봉산,20201201, , , ,충청남도
강원특별자치도 원주시 신림면 황둔리,원주시청,033-742-2111,"감악산은 치악산 동쪽에 있는 높이 945m의 바위산으로, 정상까지의 산행 거리가 짧고 경사도 급하지 않아 초보자도 쉽게 찾을 수 있는 산이다.
 원주시 신림면. 충북 제천시 봉양읍 경계에 소재, 원주시의 남동단에 있으며 치악산과 이웃하고 있어 빛을 보지 못하고 있으나 정상에는 석기암을 잇는 암봉과 암릉이 치악산 못지않은 절경을 지니고 있다.
 여름철 황둔리에서 황치리로 이어지는 시원한 계곡과 해발 945m의 바위산으로 정상까지의 산행 거리가 짧고 경사도 급하지 않아 초보자도 쉽게 오를 수 있어 많은 등반객의 사랑을 받고 있다.
 정상 밑에는 백련사라는 절이 있으며 이곳까지 길이 잘 뚫려 있어 자동차 통행이 가능하다. 주능선에 우뚝 솟은 암봉들은 올라서기에 다소 위험하지만, 굳이 바위에 올라가지 않아도 되므로 무리하게 올라서려 하지 않는 게 좋다.",883.6,421300201,감악봉,20201201, , , ,강원특별자치도
경기도 파주시 적성면 객현리,파주시청,031-940-4114,"예로부터 수덕이 뛰어나 삼각산의 영광을 뒷받침한 경기 오악중 북악에 속하는 이 산은 지형적 특성으로 삼국시대에부터 전략적인 요충지로 6·25전쟁 때까지 치열한 격전이 있던 곳이다. 그런 연유로 산자락 설마치계곡 양쪽으로 영국군 전전비와 대한의 열 단 전적비가 세워져 있다. 바위 사이로 검은빛과 푸른빛이 동시에 흘러나온다 하여 감악(紺岳), 즉 감색바위라고 하였다. 또한, 조선 명종 때 구월산 청석골을 거점으로 활약하던 임꺽정의 중간거점이 있던 곳으로 그와 연관된 지명이 곳곳에 있다. 정상에는 현재도 군사시설이 있으며, 북한산 진흥왕 순수비와 유사한 일명 삐뜰대왕비, 설인귀비가 있다. 이 비는 아직도 전쟁 때 탄흔 자국을 가지고 있으며 파주군 향토유적 제8호로 지정되어 있다. 전체적인 산세는 바위과 작은 바위봉우리들이 조화를 이루고 있으며 간간이 절벽지대가 있으므로 주의를 요구한다. 원래 감악사, 운계사, 범륜사, 운림사 등의 4개 사찰이 있었다는데 현재는 1970년 옛 운계사 터에 재창건한 범륜사만 남아 있다. 서울에서 그리 멀지 않으며, 의정부 북쪽 회천에서 양주시 남면을 지나 설마리를 거쳐 감악산 계곡을 따라 들어가면 높이 20여 m에 달하는 운계폭포가 나온다. 폭포 뒤로 범륜사가 있고 그 뒤로 전형적인 바위산의 모습을 띤 감악산이 보인다. 맑은 날에는 개성의 송악산과 북한산이 보인다.",674.9,414800101,감악산,20201201, , ,"예로부터 경기 5악의 하나로서 폭포·계곡·암벽 등을 고루 갖추고 있으며, 임진강·개성 송악산 등의 조망이 좋은 점 등을 고려하여 선정수량이 풍부한 운계폭포가 있고, 정상에는 글자가 모두 마멸되어 판독이 불가능한 비뜰대왕비(파주군 향토유적 제8호)가 있는데 `설인귀(薛人貴)'설과 `진흥왕 순수비'설이 나뉘어 속전되고 있음. 임꺽정이 관군의 추격을 피하기 위해 숨어 지냈다는 장군봉 아래 임꺽정 굴이 있음. ",경기도
경상남도 거창군 남상면 무촌리,거창군청,055-940-3114,"거창의 안산이다. 거창군 남상면과 신원면의 경계를 이룬다. 정상에 넓은 감악평전이 있고 KBS, MBC 방송중계탑과 이동통신중계탑 등이 설치되어 있다.",952.6,488800101,감악산,20201201, , , ,경상남도
충청북도 제천시 봉양읍 명도리,제천시청,043-641-5114,( - ),0.0,431504201,감악산,20201201, , , ,충청북도
강원특별자치도 원주시 신림면 황둔리,원주시청,033-742-2111,( - ),0.0,421303001,감악산,20201201, , , ,강원특별자치도
경상남도 합천군 가회면 중촌리,합천군청,055-930-3114,( - ),0.0,488906501,감암산,20201201, , , ,경상남도
경상북도 봉화군 법전면 소천리,봉화군청,054-679-6114,"경북 봉화군 법전면 소천리에 있는 감의산(感依山)은 비교적 높지 않은 산이다. 남쪽으로 맑은 운곡천(雲谷川)을 끼고 사미정(四未亭)유원지와 가무, 동미쏘 등 자연경관이 수려한 곳으로 많은 행락객이 즐겨찾는 곳이기도 하다. 적수골에서 감의봉 정상을 지나 유원지로 내려오는 길이 있는데 2km 정도의 등산로가 있으며, 등산로 서쪽으로는 깎아지는 절벽이 100m 정도 자리 잡고 있어서 뛰어난 경관이 펼쳐진다.",0.0,479200301,감의산,20201201, , , ,경상북도
경상남도 거창군 남하면 대야리,거창군청,055-940-3114,( - ),518.6,488805001,감토산,20201201, , , ,경상남도
경기도 광주시 곤지암읍 오향리,광주시청,031-760-2000,( - ),380.1,416100101,감투봉,20201201, , , ,경기도
전라남도 장성군 북하면 동현리,장성군청,061-393-1989,( - ),307.4,468800101,감투봉,20201201, , , ,전라남도
충청남도 부여군 초촌면 신암리,부여군청,041-830-2114,( - ),194.8,447600201,감투봉,20201201, , , ,충청남도
전라북도 정읍시 산내면 능교리,정읍시청,063-539-7114,감투봉은 해발은 높으나 그 전체 지역이 해발이 높게 되어 있어 등산 코스는 그 해발에 중간 정도이다. 전체적으로 등산 코스가 짧으며 해발이 높아 전체 조망을 할 수 있다.,0.0,451800101,감투봉,20201201, , , ,전라북도
충청북도 단양군 영춘면 유암리,단양군청,043-422-3011,( - ),266.1,438000101,감투봉,20201201, , , ,충청북도
충청남도 서천군 한산면 지현리,서천군청,041-950-4114,( - ),118.1,447702401,감투산,20201201, , , ,충청남도
경기도 남양주시 와부읍 월문리,남양주시청,031-590-2114,예봉산 예빈산 적갑산 운길산 등의 정맥과 이어진 마지막 봉우리이다.,543.7,413600201,갑산,20201201, , , ,경기도
경상북도 상주시 낙동면 비룡리,상주시청,054-533-2001,"갑장산은 아름다움이 으뜸이요(甲), 사장(四長)을 이룬다는 뜻에서 그 이름이 비롯된 산이다. 고려 충렬왕이 승장사에서 잠시 쉬었다 가며 ‘영남의 으뜸 산’이라 하여 갑장이라 명명했다는 설도 전한다. 상산 삼악의 하나인 연악(淵岳)이라고도 한다. 연악이란 이름은 구룡연에서 유래되었다. 구룡연은 갑장사 뒤 사거리에서 웃승장 방향으로 50ｍ 정도 내려가면 우측에 있는데, 천제와 기우제를 지내던 신성스런 연못이다. 구룡연에서 북쪽으로 문필봉이 우뚝 솟아 있는데, 바위 3개가 붓처럼 뭉쳐져 있다. 이 문필봉의 정기를 받아 갑장산 주변에 장원급제한 인물들이 많이 나왔다고 하여 장원향이라는 이름을 남기기도 하였다. 용포 쪽에는 백운 이규보가 1196년 요양하며 시를 남긴 용담사터가 있고, 승장계곡에는 옥류정과 승장폭포, 그리고 상주 사장사(四長寺), 갑장사(甲長寺), 승장사(勝長寺), 북장사(北長寺), 남장사(南長寺)) 중 하나였던 승장사터가 있다. 갑장산 정상 부근에는 고려 공민왕 22년(1373) 나옹선사가 창건한 갑장사가 자리 잡고 있다.",805.8,472500201,갑장산,20201201, , , ,경상북도
대전광역시 유성구 갑동 ,유성구청,042-611-2114,"갑하산은 계룡산국립공원에 인접해 있는 아기자기한 바위와 숲이 잘 어우러진 전망이 좋은 산이다. 유성에서 계룡산의 동학사 가는 길목 옆에 자리 잡고 있어 접근하기도 쉽고 산세가 험하지 않아 어느 때 찾아가도 등산의 재미를 만끽할 수 있다. 특히, 봄에는 온 산에 진달래가 붉게 물들고 여름에는 안진바위 골짜기의 넓은 암반과 폭포가 시원하며, 가을 단풍과 겨울의 설경이 아름답다. 산 이름은 옛날에 이 지역이 갑소여서 갑골, 갑동의 지명에서 유래된 듯하며, 이 산은 세 개의 봉우리가 불상을 닮았다고 하여 삼불봉이라고 부르기도 한다. 이 산 아래의 안진바위 마을은 조선 태종 임금이 유성에서 목욕하고 신도 안으로 갈 때 냇가의 바위에서 쉬어 갔다고 해서 유래됐고, 두리봉 아래의 매평마을은 매화낙지형의 명당자리여서 사람들이 모여 살았었는데 현재는 국립대전현충원이 자리 잡고 있다.
 우산봉은 계룡산 천황봉에서 산줄기가 백운봉, 도덕봉을 휘돌아 갑하산을 거쳐 치달리다가 금강에 떨어지기 전에 불끈 솟아 올린 봉우리이다. 이 산의 등마루는 숲과 바위가 적당히 어우러진 가운데, 특히 소나무가 많아서 걷기가 편해지고 봄에는 진달래와 철쭉이 흐드러지게 피어난다.",468.7,302000101,갑하산,20201201, , , ,대전광역시
경상남도 의령군 부림면 익구리,의령군청,055-570-2114,( - ),181.0,487200201,갓골산,20201201, , , ,경상남도
경상남도 의령군 지정면 두곡리,의령군청,055-570-2114,( - ),259.2,487200301,갓등산,20201201, , , ,경상남도
경상남도 남해군 고현면 대곡리,남해군청,055-860-3114,( - ),0.0,488400101,강구산,20201201, , , ,경상남도
경기도 여주시 점동면 청안리,여주시청,031-883-2114,( - ),283.5,416700101,강금산,20201201, , , ,경기도
경상남도 합천군 봉산면 계산리,합천군청,055-930-3114,( - ),563.0,488900301,강덕산,20201201, , , ,경상남도
경상남도 거제시 장목면 외포리,거제시청,055-639-3000,"거제 강망산 봉수대. 봉수는 높은 산에 올라가서 불을 피워 낮에는 연기로 밤에는 횃불로 급한 소식을 전하던 전통시대의 통신제도이다. 봉수제는 기록상으로 고려 중기(12, 13세기)에 나타나지만, 실제로는 삼국시대 이전부터 있었던 것으로 생각된다. 그러나 체계적으로 정비된 때는 왜구의 침입이 극심해진 고려말 이후부터 조선 초기에 들어서였다. 봉수를 밝히는 봉수대는 대략 수십 리의 일정한 거리마다 시야가 확 트인 산꼭대기에 설치하였다. 그리하여 평시에는 하나의 불꽃이나 연기, 적이 바다에 나타나면 둘, 적이 해안에 접근해오면 셋, 바다에 적과 접전이 이뤄지면 넷, 적이 육지에 상륙했을 경우엔 5개의 불꽃이나 연기를 피워 올렸다.",374.3,483100301,강망산,20201201, , , ,경상남도
대전광역시 동구 소호동 ,동구청,042-251-4114,"대전광역시 동구 소호동 산 143번지에 있으며 해발 382m의 중간 높이 산으로 산세는 산 면이 암벽으로 둘러싸여 있어 경사지고 거친 편이나 등반로는 비교적 잘 되어 있다. 쉬운 등반 진입로는 지프재(비파치) 고개 좌측 벽면이 파여 있는 부분으로 진입하여 임도를 무시하고 동쪽의 정상 쪽으로 오르다가 정상부에서 남쪽으로 등반하며 몇 개의 봉우리를 거쳐 남동쪽으로 하산하면 되겠고, 정상부에서 전경으로는 동쪽으로 식장산이 보이고 북쪽으로는 대전 시내 일대 전경이 훤히 내려다보인다.",381.6,301100101,강바위산,20201201, , , ,대전광역시
강원특별자치도 춘천시 남산면 강촌리,춘천시청,033-253-3700,( - ),485.4,421106101,강선봉,20201201, , , ,강원특별자치도
경상남도 거창군 신원면 와룡리,거창군청,055-940-3114,( - ),0.0,488805501,강섭산,20201201, , , ,경상남도
경기도 가평군 북면 적목리,가평군청,031-580-2114,"경기도 포천군과 가평군의 경계를 이루는 강씨봉은 옛날 이곳에 강씨가 모여 살았다 하여 붙여진 이름이라 한다. 강씨봉에서 동남쪽으로 뻗어 내리는 능선 길에 강씨봉고개가 있으며, 고갯마루에서 동쪽 아래에 강씨봉 마을 터가 남아있다. 전체 산세가 완만하고 부드러워 산행이 힘들지 않으며, 한나무골 계곡은 아직도 맑고 깨끗함을 간직하고 있다. 강씨봉은 포천시와 가평군을 경계로 하는 아기자기한 등산코스를 지니고 있지만, 주위에 유명한 산들이 많아, 등산객이 많지 않은 조용한 산행을 즐길 수 있어 가족산행지로 가볼 만하다. 특히 겨울 설경이 아름다우며 산꼭대기 좌우로 매우 아름다운 경관을 가진 산으로 한나무골의 계곡은 맑고 깨끗하다. 마지막 능선의 억새밭과 싸리나무, 봄철의 진달래와 철쭉이 어우러진 모습이 볼만하다.",830.2,418200201,강씨봉,20201201, , , ,경기도
경상남도 합천군 청덕면 가현리,합천군청,055-930-3114,( - ),37.4,488900401,강진산,20201201, , , ,경상남도
전라북도 순창군 팔덕면 청계리,순창군청,063-650-1114,"순창읍에서 10km의 가까운 거리에 있는 강천산은 호남의 소금강이라고 불릴 정도로 곳곳에 기봉이 솟아 있고, 크고 작은 수많은 바위 사이로 폭포를 이루고 있으며, 4km에 이르는 깊은 계곡과 계곡을 뒤덮은 울창한 숲은 자연 그대로의 아름다움을 고이 간직하고 있다. 원래는 생김새가 용이 꼬리를 치며 승천하는 모습과 닮았다 하여 용천산(龍天山)이라 불렸다. 또한, 유서 깊은 강천사와 삼 인대 5층 석탑, 금성산성 등 문화유적이 산재하고, 비경이 많이 숨겨져 있다. 일명 광덕산이라고도 불리는 강천산은 1981년 국내에서 최초로 군립공원으로 지정된 곳이기도 하며, 길이 76m의 현수교가 지상 50m 높이에 설치돼 있어 웅장함을 더해주고 있다. 볼거리는 11월 초순에 절정을 이루는 단풍과 4월 초순에 만개하는 산벚꽃이 유명한데, 산 입구의 강천호 주변뿐 아니라 등산로 어디에서나 즐길 수 있다. 산 암봉 아래에는 887년(신라 진성여왕 1) 도선국사(道詵國師)가 세운 강천사가 있다. 이곳의 석탑은 전라북도 유형문화재 92호로 지정되었고, 절 입구의 모과나무는 전라북도기념물 97호이다. 그 밖에 순창 삼인대(三印臺:전북유형문화재 27), 금성산성(金城山城:전북기념물 52) 등의 문화유적이 있다. 내장산(內藏山:763m)·백양사(白羊寺)·담양댐 등과도 가깝다.",585.8,457700101,강천산_왕자봉,20201201, , ,"군립공원(1981년 지정)으로 지정되어 있으며, 강천계곡 등 경관이 수려하고 조망이 좋은 점 등을 고려하여 선정신라 진성여왕때(887년) 도선국사가 개창한 강천사(剛泉寺)가 있으며, 산 이름도 강천사(剛泉寺)에서 유래. 삼국시대에 축조된 것으로 추정되는 금성산성(金城山城)이 유명 ",전라북도
경상남도 창녕군 길곡면 마천리,창녕군청,055-530-1000,( - ),476.6,487400101,강태봉,20201201, , , ,경상남도
경기도 양평군 개군면 석장리,양평군청,031-773-5101,( - ),237.9,418300301,개군산,20201201, , , ,경기도
광주광역시 서구 매월동 ,서구청,062-360-7114,( - ),179.3,291400101,개금산,20201201, , , ,광주광역시
경기도 여주시 점동면 장안리,여주시청,031-883-2114,( - ),156.8,416700201,개내골산,20201201, , , ,경기도
대전광역시 동구 효평동 ,동구청,042-251-4114,"대전광역시 동구 효평동 산83번지 서쪽에 있는 개머리산은 해발 379m로써 완만한 경사를 이루고 있으며 정상부근에 있는 견두산성은 둘레가 280m인데 테뫼식으로 자연 암반을 이용해 잡석으로 구축한 석축산성이다. 산 동쪽에 있는 말 안장 모양의 봉우리(성황 고개) 일 대 이며 소규모 석축 산성이 있었으나 지금은 흔적만 남아 있을 뿐이다. 등산로는 말미 마을에서 올라가는 길과 말미 마을 안내판 및 이정표 설치됨 북서쪽으로 약 1.5km 지점 도로변에 있는 소공원에서 출발하는 곳에 이정표 설치됨. 절고개 맞은편 입구(이정표 설치됨)에서 출발하는 길이 있으며, 세 개 등산로 중 가장 완만한 등산로는 절고개 임 도 맞은편에서 출발하는 등산로이다. 정상에 오르면 남동쪽으로 대청호가 보이고 서쪽으로 계족산과 계족산성이 한눈에 들어온다.",357.3,301100201,개머리산,20201201, , , ,대전광역시
경기도 고양시 덕양구 선유동 ,고양시 덕양구청,031-909-9000,"파주 양주 고양 3군데의 시에 걸쳐 산이 형성되어있다.  파주쪽의 개명산 자락은 앵무봉, 안고령, 바깥고령으로 나뉘어져 부르면서 다른 산인양 여겨지고 있다. 고양시 쪽 자락은 산봉우리의 한쪽 사면만을 보고 있다. 개명산의 고양시 구간은 경사가 완만하고, 고도가 낮아 일반인의 접근이 쉽다.",559.9,412801301,개명산,20201201, , , ,경기도
경기도 양주시 장흥면 석현리,양주시청,031-8082-4114,"양주군 백석면과의 사이에 있는 해발 622m의 아담한 높이의 산으로, 고찰인 보광사가 있기도 하다.
평평한 산 정상에서 바라보면 북으로 파주시와 양주군의 나지막한 산들이 건너다보이고, 동쪽으로 죽 늘어선 불국산, 사패산, 도봉산 바위봉우리, 남쪽으로 북한산 백운대의 당당한 모습이 보인다.
산행은 보광사에서 시작하여 도솔암을 오른 후 헬기장을 거쳐 정상에 오른 후, 서릉을 거쳐 보광사로 하산하는 것이 좋다.",0.0,416300201,개명산,20201201, , , ,경기도
경기도 연천군 청산면 백의리,연천군청,031-834-2211,( - ),447.2,418000201,개미산,20201201, , , ,경기도
경상북도 청도군 운문면 대천리,청도군청,054-370-6114,( - ),317.4,478200201,개산,20201201, , , ,경상북도
서울특별시 구로구 오류동 ,구로구청,02-860-2114,( - ),0.0,115300101,개웅산,20201201, , , ,서울특별시
강원특별자치도 인제군 상남면 미산리,인제군청,033-461-2122,"오대산을 지나 설악산으로 달리던 백두대간이 갈전곡봉에 이르러 서쪽으로 가지를 뻗은 산이 개인산이다. 개인산은 개인, 삼봉, 방동약수로 유명하며 이 약수 섞인 물은 개인산의 북면을 흐르는 방대천과 서남면을 돌아가 방대천을 합하는 20km의 내린천으로 흘러들어 차례로 소양강, 북한강, 한강이 된다. 계곡은 수려하나 보이지 않고 산날은 치솟았지만, 바위를 들어내지 않는다. 공기 좋고 물이 맑아 전염병이 들지 않고 먹거리가 많다. 입구는 좁고 안은 너른 형세다. 이런 곳은 여덟 군데 살둔, 달둔, 월둔, 아침가리, 명지가리, 적가리, 곁가리, 연가리의 ‘삼둔오갈’을 두었는데 물, 불, 바람 즉 흉년, 전염병, 전쟁을 피할 수 있는 곳으로 내우외환이 끊이지 않았던 불행한 시대에 개인산은 많은 민추들을 보듬어 주었음을 역사는 전한다. 그리하여 개인산은 지리산과 금강산처럼 장엄하거나 빼어나진 않지만, 그 어느 것보다 한국적인 산이다.",1341.9,428100801,개인산,20201201, , , ,강원특별자치도
부산광역시 기장군 철마면 고촌리,기장군청,051-709-4000,( - ),450.2,267100201,개좌산,20201201, , , ,부산광역시
경기도 가평군 상면 원흥리,가평군청,031-580-2114,"개주산은 경기도 가평군 상면에 나지막이 엎드린 675m의 소담한 산이다. 남서쪽 5km에 주금산(813m), 바로 북쪽에 운악산(936m), 남쪽으로 상산(825m)에 가려 별로 빛을 보지 못한 감이 있다. 차도를 바짝 끼고 있으면서도 그냥 지나버리기 쉬운 것도 이 때문이다. 그러나 교통편이 좋고, 서울에서 불과 50km 떨어진 곳이라 부담 없는 당일 산행지로는 좋은 곳이다. 정상 남쪽에는 베네스트골프장이 있어 골프장에서 사람들이 말하고 웃는 소리, 골프공 맞는 소리가 종종 들려 심심함을 덜어준다. 멧돼지가 종종 출현하는지 골프장 외각에 전기선을 설치했으며, 함부로 들어오지 말라는 경고문이 있다. 사람들이 별로 다니지 않은 등산로는 낙엽이 많이 쌓여있으며, 등산로 곳곳에는 군인들이 훈련할 때 사용하는 '호'를 볼 수 있다.",675.5,418200301,개주산,20201201, , , ,경기도
충청남도 천안시 동남구 북면 사담리,천안시청,1577-3900,( - ),453.8,441300101,개죽산,20201201, , , ,충청남도
전라남도 화순군 도암면 등광리,화순군청,061-374-0001,"개천산은 도암면 천태리, 등광리와 춘양면 가동리 일대에 경계를 이룬 산으로 천태산과 마주한 곳에 자리하고 있으며 어느 곳에서 쳐다보아도 뾰족하게 보이는 탓에 인근 마을에서는 문필봉 또는 필봉이라 일컫기도 한다. 동쪽으로 보이는 용암산과 서로 자웅을 겨루듯 정상 부근은 바위 무리로 구성되어 있으며 특히 동쪽에 있는 바위는 아름다움을 더해 준다.",497.2,467900101,개천산,20201201, , , ,전라남도
서울특별시 강서구 개화동 ,강서구청,02-2600-6114,"김포공항 옆에 있는 개화산은 높이 131.2m, 면적은 약 386.500㎡이다. 정상에는 조선 시대에 사용했다는 봉화 터가 남아 있다. 또한, 고려 시대에 세워진 사찰 두 개가 있다. 꽃이 피는 형상 같은 지형을 가지고 있다.",128.4,115000101,개화산,20201201, , , ,서울특별시
경기도 하남시 교산동 ,하남시청,031-790-6114,( - ),292.1,414500101,객산,20201201, , , ,경기도
울산광역시 울주군 청량읍 용암리,울주군청,052-229-7000,( - ),169.5,317100301,거남산,20201201, , , ,울산광역시
전라북도 순창군 유등면 건곡리,순창군청,063-650-1114,( - ),143.3,457700201,거등산,20201201, , , ,전라북도
경상남도 고성군 거류면 거산리,고성군청,055-670-2114,"고성 동쪽의 거류면에 솟은 거류산은 고성의 진산이다. 기암과 청송, 진달래 산성 등 야산이 갖출 수 있는 조건들을 두루 갖추고 있다. 정상 가까이에 약수터가 있고 조망이 일품으로 다도해가 시원하게 보인다. 건너편 들녘에는 구절산이 보이고, 고성 전역과 한려해상의 전경이 한눈에 들어오는 산정에는 2천여 년 전 소가야 때 신라의 침공을 막기 위해 쌓은 거류산성의 흔적이 남아 있다. 이 성은 소가야 마지막 왕이 신라의 침입 때 피신처로 사용하였으나 신라가 가야를 합병함에 따라 폐성되었지만 곳곳에 산성의 자취가 남아 있고, 지금은 유적지로서 복원되었다. 소가야 때는 태조산(太朝山)이라 불렀고 조선 초기에는 거리산(巨吏山)으로, 조선 말엽에 거류산으로 부르게 되었다. 또한, 거류산이 깎아지른 듯 삼각형 모양으로 서 있는 모습이 스위스의 마터호른을 닮았다고 해서 일명 고성의 ‘마터호른’으로 불리기도 한다.",571.71,488200301,거류산,20201201, , , ,경상남도
인천광역시 남동구 장수동 ,남동구청,032-466-3811,"인천대공원 정문을 나와 부평 방향으로 가다가 서울 외곽 순환 고속국도를 타기 위해 장수 IC로 들어가면 점점 진입로가 높아지면서 오른쪽으로 군부대유격장이 들어온다. 유격장의 남쪽으로 우뚝 솟아 있는 봉우리가 거마산이다. 유격장이 있는 골짜기를 경계로 남쪽 봉우리를 중심으로 거마산, 북쪽 봉우리가 부천시에 속하는 성주산이다.",210.3,282000101,거마산,20201201, , , ,인천광역시
경상남도 거창군 웅양면 한기리,거창군청,055-940-3114,"거말산 북쪽으로 경북 김천시 대덕면 태리 골담, 암마마을이 자리하고 서쪽으로 경남 거창군 웅양면 한기리 하곡마을이 자리하며 동쪽으로 웅양면 산포리 어인동 수령이 있고 남쪽으로 금광과 구수마을이 안겨 있다. 거말산은 경상 남·북 간을 경계하는 산으로서 옛날 군사적 요충지였던 우두령 재를 동쪽에 두고 서쪽에 웅양 하성에서 대덕 태리로 넘는 배티재를 두고 있다.",0.0,488800301,거말산,20201201, , , ,경상남도
경상남도 함양군 서상면 도천리,함양군청,055-960-5114,"남쪽 기슭에 용추사(龍湫寺)가 있는 기백산(箕白山, 1,331m)을 북으로 마주하고 있다. 지우천(智雨川)은 기백산에서 발원하여 거망산 사이를 관류하여 남강으로 흘러간다. 거망산은 용추교에서 출발하여 용추폭포와 용추사를 거쳐 장자벌 입구에서 오른쪽 계곡 길을 타고 능선에서 왼쪽으로 굽어들면 정상에 닿을 수 있다. 지장골 남릉을 따라 주능선까지 오르는 산길은 억새와 조릿대ㆍ싸리나무ㆍ잡목림이 빽빽이 들어차 길이 안 보일 지경이다. 주능선을 따라 거망산으로 오르는 일대는 억새로 덮여 있다.",1184.0,488700101,거망산,20201201, , , ,경상남도
인천광역시 남동구 만수동 ,남동구청,032-466-3811,"산의 이름은 산의 모양이 마치 거머리 모습처럼 보인다 하여 원주민들의 입에서 입으로 불린 것이라 전해진다. 또한, 천주교 최초의 영세자이며 신유박해 때 순교한 이승훈 선생의 묘가 있으며, 남인이였던 그의 가족들이 오랫동안 이곳 거머리산 주위에서 살았다고 전해진다. 전형적인 도시 생활권 야산으로 주민들의 이용이 매우 많은 편이며, 산세가 높지 않고 조망이 매우 좋아 숲길 산책으로는 최고라 할 수 있겠다. 도시 숲길로서 소규모 공원을 함께 가지고 있어 무척 최적하다.",0.0,282000201,거머리산,20201201, , , ,인천광역시
충청남도 천안시 동남구 병천면 송정리,천안시청,1577-3900,"충청남도 천안시 병천면 송정리와 충청북도 청원군 오창면 성재리의 경계를 이루고 있는 산이다. 동북쪽의 덕유산, 국사봉, 서림산과 약사산을 지나 이곳 솔림산을 거쳐 수신면의 망경산으로 이어지는 충남/북의 경계를 이루는 산줄기 일부를 이루고 있다. 그리 높지는 않은 산이나 지형이 마치 거미가 거미줄을 치듯 정상부에서 사방으로 작은 봉우리와 골을 이루고 있어, 예전부터 거미산 혹은 거머산이라고도 불리고 있다. 일반 등산객은 드물고 마을 주민들이 가끔 이용하는 산행길이다. 
.",209.8,441300201,거머산,20201201, , , ,충청남도
충청북도 보은군 수한면 질신리,보은군청,043-540-3000,( - ),493.5,437200101,거멍산,20201201, , , ,충청북도
부산광역시 기장군 철마면 와여리,기장군청,051-709-4000,"기장군 철마면에 있는 거문산(543m)은 여름 등산지로 권할만한 곳이다. 산행을 시작해 1시간이면 정상에 닿을 수 있고 휴식을 포함해 3시간이면 완주할 정도로 코스가 짧은 데다 우거진 녹음이 있기 때문이다. 또 사람이 적게 다닌 곳이라 곳곳에 탐스럽게 열린 산딸기를 따 먹어 가면서 산을 오르는 즐거움을 맛볼 수 있으며 고사리 같은 산나물이 군락 이룬 자연을 구경할 수도 있다. 하산길에 수십 년 된 우리의 전통 초가를 감상할 수 있는 것도 산행 재미를 더해준다.",543.9,267100301,거문산,20201201, , , ,부산광역시
강원특별자치도 평창군 대화리 신리,평창군청,033-330-2000,"강원도 평창군 용평면과 대화면 사이에 솟아 있는 거문산은 오대산에서 서쪽으로 뻗어 내린 산줄기가 계방산에 이르러 남쪽으로 이어지면서 백적산(1,141m)에서 서쪽으로 가지를 친 능선이 금당산(1,173m)을 빚어 놓고 그 여력으로 우뚝 솟은 산이다. 이 산을 일으키고 남쪽으로 뻗어 내린 지맥은 평창강과 대화천을 가라앉힌다.
 금당산(錦塘山)·백적산(白積山)·형제봉(兄弟峰) 등과 함께 한국의 척량부(脊梁部)를 이루는 태백산맥(太白山脈)의 일부를 구성한다. 중부지방을 북서쪽으로 흐르는 한강(漢江)의 지류인 평창강(平昌江)의 발원지를 이룬다.",1173.1,427600201,거문산,20201201, , , ,강원특별자치도
강원특별자치도 고성군 죽왕면 야촌리,고성군청,033-680-3114,( - ),0.0,428200101,거북산,20201201, , , ,강원특별자치도
경상남도 의령군 대의면 마쌍리,의령군청,055-570-2114,( - ),0.0,487204901,거북산,20201201, , , ,경상남도
충청북도 진천군 이월면 신계리,진천군청,043-539-3114,( - ),0.0,437501601,거북산,20201201, , , ,충청북도
경상남도 의령군 궁류면 계현리,의령군청,055-570-2114,( - ),323.4,487200401,거장산,20201201, , , ,경상남도
대구광역시 동구 신용동 ,동구청,053-662-2000,신무동과 신용동의 경계에 있는 산이며 팔공산과 연결되어 있음.,511.3,271400101,거저산,20201201, , , ,대구광역시
전라북도 무주군 설천면 두길리,무주군청,063-320-2114,( - ),1178.3,457300101,거칠봉,20201201, , , ,전라북도
경기도 화성시 봉담읍 세곡리,화성시청,1577-4200,( - ),335.5,415900101,건달산,20201201, , , ,경기도
광주광역시 남구 원산동 ,남구청,062-651-9020,( - ),150.2,291550101,건덕산,20201201, , , ,광주광역시
강원특별자치도 원주시 문막읍 동화리,원주시청,033-742-2111,"원주시 문막읍 건등리의 구라우(건등산 남쪽 마을)와 너그내(구라우 남쪽 무산천 냇가의 마을). 북쪽에 있는 높이 260m의 산이다. 산세는 비교적 가파르며, 밤나무가 많아서 가을철 산행에 밤을 줍는 재미가 있다.",259.5,421300301,건등산,20201201, , , ,강원특별자치도
경상북도 칠곡군 지천면 심천리,칠곡군청,054-973-3321,"지천면 창평리, 심천리와 동명면 송산리를 경계로 두고 있는 산이며, 창평지, 심천지, 송산지로 이어지는 임도가 새로 닦여있다. 예전에는 건령산 능선을 따라 동명 한티재로 이어지는 성지순례 길로 이용되었으나 임도가 생김으로 숲길을 이용하는 사람이 줄어들 것으로 보인다. 정상부를 지나면 동명 저수지를 비롯해 동명의 경치를 한눈에 볼 수 있다. 숲은 주로 소나무숲으로 이루어져 솔잎 냄새로 피톤치드 효과가 있음.",521.2,478500201,건령산,20201201, , , ,경상북도
전라남도 진도군 군내면 나리,진도군청,061-544-2181,( - ),118.3,469000101,건배산,20201201, , , ,전라남도
강원특별자치도 고성군 간성읍 광산리,고성군청,033-680-3114,( - ),0.0,428200301,건봉산,20201201, , , ,강원특별자치도
전라북도 군산시 대야면 죽산리,군산시청,063-454-4000,"건장산(健壯山)은 전북 군산시 대야면 죽산리 탑동마을을 둘러싼 낮은 산으로, 북쪽으로 군산시 임피면 보석리 왕산과 연계되었고 계속 위로 가면 봉황산으로 둘러싸였고, 남쪽으로 호남평야의 시작이며 곡창지대인 만경 평야가 보이는 전망 좋은 산이다. 서쪽의 대야면 백마산과 함께 대강을 이루는 포구 역할을 감당하는 곳이다. 동쪽의 산 아래는 전설이 서려 있는 3층 석탑이 있고, 그 옆에는 청룡사라는 사찰 터가 있는데, 불에 타 없어지고 언제부턴가 새로 만든 절간이 있다. 건장산과 왕산을 합치면 말이 뛰는 형상이며, 철길을 놓으려고 산을 자를 때 피가 나왔다는 설화가 있어 지금도 그곳을 말우고개라고 부른다.",92.2,451300101,건장산,20201201, , , ,전라북도
전라남도 무안군 몽탄면 사천리,무안군청,061-450-5114,( - ),223.0,468400201,건지봉,20201201, , , ,전라남도
경상북도 상주시 중동면 회상리,상주시청,054-533-2001,( - ),421.6,472500301,건지봉,20201201, , , ,경상북도
광주광역시 남구 양과동 ,남구청,062-651-9020,( - ),325.7,291550201,건지산,20201201, , , ,광주광역시
경상북도 안동시 북후면 도진리,안동시청,054-856-5701,( - ),278.4,471706201,건지산,20201201, , , ,경상북도
전라북도 순창군 인계면 갑동리,순창군청,063-650-1114,( - ),411.9,457700301,건지산,20201201, , , ,전라북도
경상북도 안동시 도사면 온혜리,안동시청,054-856-5701,"동편 낙동강 건너에는 왕모산과 축융봉이 자리 잡고 있으며, 서편으로는 35번 국도를 넘어 국망봉과 용두산이 능선을 이루고 있다. 건지산은 낙동강과 35번 국도가 둥글게 감싸고 있어 때 묻지 않은 자연의 산으로 각종 산야초가 가득한 산이다. 등산객들은 자주 찾지 않는 산이며 계절별 버섯 및 산나물 채취인들이 많이 찾는 곳이다.",557.0,471700201,건지산,20201201, , , ,경상북도
전라남도 나주시 봉황면 송현리,나주시청,061-339-8114,( - ),0.0,461700201,건지산,20201201, , , ,전라남도
전라북도 존주시 덕진구 덕진동1가 ,전주시청,063-222-1000,"도천봉에서 장구봉으로 이어진 자락은 장구봉을 중심으로 열십자를 그으며 다시 세 자락으로 나뉜다. 한 자락은 방죽안 뒷산을 이루고, 곧장 뻗어 내린 자락은 천마산으로 솟았다가 사금평까지 부챗살처럼 갈라지고 또 한 자락은 떼밭날, 갈마봉으로 이어져 건지산을 형성한다. 활잡이 주를 이루나 전주시와 전북대학교의 꾸준한 조림 및 관리로 수종이 타 공원보다 다양하다.",99.4,451100301,건지산,20201201, , , ,전라북도
충청남도 공주시 이인면 초봉리,공주시청,1899-0088,( - ),237.0,441500201,건지산,20201201, , , ,충청남도
충청남도 서천군 한산면 지현리,서천군청,041-950-4114,"건지산(乾芝山)은 한산면 내 지현리와 호암리 사이에 있으며, 서천군에 통합되기 이전 옛 한산군의 중심지이며 현재도 서천 동부지역의 중심지이다. 건지산은 높은 편은 아니나 정상에서 바라보면 금강 하류와 서해를 관망할 수 있다. 지리적으로 금강 하류의 수륙 교통의 요지였으나 현재는 금강하굿둑의 건설로 그 기능을 상실하였다.",0.0,447700101,건지산,20201201, , , ,충청남도
경기도 양평군 양동면 금왕리,양평군청,031-773-5101,( - ),266.7,418300401,건지산,20201201, , , ,경기도
경기도 용인시 처인구 원삼면 맹리,용인시청,1577-1122,( - ),410.6,414600201,건지산,20201201, , , ,경기도
경상남도 거창군 거창읍 가지리,거창군청,055-940-3114,"거열산(건흥산)은 백두대간의 덕유 대봉에서 남쪽으로 내린 산줄기의 끄트머리에 솟은 지맥이다. 거창읍의 바로 뒤편에 위치하여 거창읍의 진산(鎭山)으로 불린다. 거창의 다른 산들에 비해 높지는 않으나 정상에 오르면 거창읍이 한눈에 내려 보인다. 서쪽으로 금원 기백 남덕유가, 동북으로는 수도 양각 보해 금귀산이, 동남으로 미녀봉 오도산 감악산이 시야에 들어온다. 거창읍 상림리와 가지리에 걸쳐있다. 산 북쪽으로 아홉산 취우령이 있으며 남쪽으로 소분지의 건흥평전이있다.",573.2,488800401,건흥산,20201201, , , ,경상남도
경기도 하남시 하산곡동 ,하남시청,031-790-6114,"하남시청에서 동쪽으로 5km 떨어져 있는 산으로 일설에 의하면 검단선사가 은거하였다 하여 검단산으로 불린다. 산행 초입은 야산과 같아 느낌을 주지만 산 중간쯤 오르면 어느 산 못지않게 뛰어난 숲과 아름다운 풍경과 고사목이 군데군데 널려 있다. 정상은 넓은 공터로 사방이 확 트여 있고 팔당댐은 물론, 북한강과 남한강의 합류 지점인 양수리 일대를 시원하게 내려다볼 수 있으며 예봉산, 운길산, 도봉산, 북한산 등을 조망할 수 있다. 검단산 산행 들머리인 배알미동은 ‘도성을 떠나는 사람들이 이곳부터는 임금이 거처하는 곳이 보이지 않거나, 또는 멀리서 도성 근처로 다가오는 길손이 이곳에 들면 임금을 찾아뵈울 수 있게 된다’는 설이 전해지는 마을이다. 검단산은 최근에 지어진 ‘통일정사’로 인해 불경을 들으며 산행을 시작할 수 있다.",658.4,414500201,검단산,20201201, , , ,경기도
경상남도 함안군 함안면 대산리,함안군청,055-580-2114,( - ),0.0,487300201,검단산,20201201, , , ,경상남도
경기도 광주시 남한산성면 검복리,광주시청,031-760-2000,( - ),536.4,416100201,검단산,20201201, , , ,경기도
전라남도 영광군 군남면 양덕리,영광군청,061-350-5114,( - ),112.7,468702001,검덕산,20201201, , , ,전라남도
경상북도 영양군 수비면 본신리,영양군청,054-682-2241,"검마산은 영양군과 울진군의 경계 지점에 위치하고 있으며 정상의 높이는 해발 1,023M 이다. 낙동정맥이 지나가는 길목이기도 한 이산은 산세가 전체적으로 웅장하며 산 중턱까지 임도가 지나가고 중턱 바로 위로부터는 칼날 같은 기암들이 뽀곡히 박혀 있다. 산의 북쪽 계곡엔 금강송 군락지가 있어 한층 더 아름다움을 더 하며 산의 동남쪽 계곡은 검마산 자연휴양림이 있어 연중 내내 많은 사람들이 즐겨 찾는다. 산 전체에 펼쳐져 있는 참나무와 활엽수는 금강송 소나무와 멋진 조화를 이뤄 웅장한 아름다움을 더 한다 하겠다.",0.0,477600101,검마산,20201201, , , ,경상북도
전라남도 신안군 흑산면 사리,신안군청,061-271-1004,( - ),213.5,469100101,검머리,20201201, , , ,전라남도
경상남도 산청군 단성면 묵곡리,산청군청,055-970-6000,( - ),0.0,488600701,검무봉,20201201, , , ,경상남도
경상북도 안동시 풍산읍 오미리,안동시청,054-856-5701,( - ),283.8,471700301,검무산,20201201, , , ,경상북도
전라남도 무안군 현경면 오류리,무안군청,061-450-5114,( - ),332.0,468400301,검무산,20201201, , , ,전라남도
강원특별자치도 춘천시 남산면 강촌리,춘천시청,033-253-3700,검봉은 춘천시 남산면 강촌리 북한강 변에 솟아 있으며 구곡폭포로 유명한 봉화산(487m)과 산줄기를 잇고 있다. 봉화산과 이웃해 있어 구곡폭포 방향을 산행 기점으로 삼을 수도 있으나 구곡폭포에서 문배마을에 이르는 널따란 길이 나 있어 산행 첫머리로는 어울리지 않아 강촌리 강 선사를 들머리로 하는 것이 보통이다. 검봉은 칼을 세워 놓은 것처럼 생겼다고 해서 칼봉으로도 불린다. 또 주위 경관이 아름다워 사계절 내내 많은 관광객이 찾고 있으며 특히 겨울철에는 빙벽 교육 장소로도 인기 있다. 강촌역 뒤 강 선사로 오르면 첫 번째 봉우리에서 오른쪽으로는 의암호가 보이며 왼쪽으로는 경기도와 경계 지점인 도계휴게소 및 강촌휴게소가 보인다. 아득하게 보이는 발아래 경치를 감상한 뒤 능선을 따라 2~3시간 정도 오르면 아홉 구비 계곡을 돌아볼 수 있는 구곡정이 나타나며 50여m 높이의 구곡폭포에서 물안개를 일으키며 떨어지는 물줄기가 보인다.,104.3,421100201,검봉산,20201201, , , ,강원특별자치도
충청남도 홍성군 은하면 목현리,홍성군청,041-630-1114,( - ),133.1,448000201,검봉산,20201201, , , ,충청남도
강원특별자치도 삼척시 원덕읍 옥원리,삼척시청,033-572-2011,산불피해지여서 자연경관은 그다지 좋지 않으나 빠른 자연복구로 인하여 자연경관이 서서히 옛 모습을 찾아가고 있다. 산의 높이는 그다지 높지 않은 편이나 훼손지역이 틈틈이 보여 약간 위험하나 복구를 하면 위험한 곳이 없으므로 산행이 편한 곳이다.,686.4,422300401,검봉산,20201201, , , ,강원특별자치도
전라북도 군산시 옥도면 어청도리,군산시청,063-454-4000,( - ),103.1,451300201,검산봉,20201201, , , ,전라북도
전라남도 화순군 한천면 오음리,화순군청,061-374-0001,( - ),403.8,467900201,검설산,20201201, , , ,전라남도
경기도 구리시 갈매동 ,구리시청,031-557-1010,"검암산은 중랑구 신내동과 구리시 갈매동 경계에 있는 산으로 구릉산으로 부르기도 한다. 동구릉으로 알려져 있고 북쪽으론 불암산을 바라보고 있으며 남서쪽으론 봉화산이 보인다. 정상이후로 서울시와의 경계를 이루며 군부대가 주둔하고 있어 사람의 출입이 잦은곳은 아니다. 원래 아차산줄기에서 뻗어나와 이어지는 곳이었지만 태릉구리간 고속도로로 인해 맥이 끊겨있다. 구릉산은 불암산과 망우산 사이에 솟아 있는 표고 177.9m의 잔구성 산지이다. 구릉산의 산세는 남북으로 향해 있으면서 동쪽으로 흐르는 계류는 왕숙천을 이루고, 서쪽으로 흐르는 계류는 묵동천 을 거쳐 중랑천을 이루어 한강으로 합류된다. 구릉산의 지질을 보면 북서쪽은 화강암, 동남쪽은 호상편마암으로 이루어졌다. 토양은 산성암지역으로 산록지 토양과 저구릉곡간 토양이 혼합되어 있다. 구릉산의 수림은 소나무가 울창한 동구릉 일대를 제외하고 산림녹화를 위해 속성으로 식목한 아까시나무가 대종을 이룬다. 그외 자연수종으로 상수리나무·굴참나무·싸리나무 등이 있으며, 주택가 기슭에는 배나무·복숭아나무 등이 식재된 과수원이 발달되어 있다.",0.0,413603301,검암산,20201201, , , ,경기도
전라남도 곡성군 오산면 선세리,곡성군청,061-363-2011,( - ),488.0,467200101,검장산,20201201, , , ,전라남도
충청북도 청주시 상당구 산성동 ,청주시 상당구청,043-201-5114," 것대산은 상당산 위쪽에 있는 산으로 해발 484m의 높은 산이다. 일명 '거질대산', '상령산'이라고도 한다. 것대산에는 조선 시대에 봉수가 있어 남쪽으로는 문의현(文義縣)의 소이산(所伊山), 북쪽으로는 진천현(鎭川縣)의 소을산(所乙山)봉수와 연계되었다. 식생은 소나무를 비롯하여 참나무, 단풍나무가 있어서 가을이면 산이 아름답다. 또한 지형은 그리 험하지 않아 등산객들이 자주 이용하는 산이기도 하다.",0.0,431105201,것대산,20201201, , , ,충청북도
